original_title,index
Avengers: Age of Ultron,0
The Hobbit: The Desolation of Smaug,1
Harry Potter and the Order of the Phoenix,2
Avatar,3
John Carter,4
Pirates of the Caribbean: At World's End,5
Superman Returns,6
Spectre,7
Tangled,8
The Dark Knight Rises,9
Spider-Man 3,10
X-Men: First Class,11
Quantum of Solace,12
The Great Gatsby,13
The Chronicles of Narnia: Prince Caspian,14
The Lone Ranger,15
Pirates of the Caribbean: Dead Man's Chest,16
Batman v Superman: Dawn of Justice,17
The Golden Compass,18
The Hobbit: The Battle of the Five Armies,19
The Avengers,20
Harry Potter and the Half-Blood Prince,21
Transformers: Age of Extinction,22
Pirates of the Caribbean: On Stranger Tides,23
Men in Black 3,24
Spider-Man 2,25
King Kong,26
Man of Steel,27
The Mummy: Tomb of the Dragon Emperor,28
Children of Men,29
Captain America: Civil War,30
Iron Man 3,31
Robin Hood,32
The Amazing Spider-Man 2,33
Jurassic World,34
Skyfall,35
Transformers: Revenge of the Fallen,36
Alice in Wonderland,37
Battleship,38
Titanic,39
X-Men: The Last Stand,40
Monsters University,41
Furious 7,42
Toy Story 3,43
TRON: Legacy,44
Indiana Jones and the Kingdom of the Crystal Skull,45
World War Z,46
Oz: The Great and Powerful,47
Up,48
WALL·E,49
Cars 2,50
2012,51
Terminator Salvation,52
Star Trek Into Darkness,53
Jack the Giant Slayer,54
The Amazing Spider-Man,55
X-Men: Apocalypse,56
Jupiter Ascending,57
Transformers: Dark of the Moon,58
The Dark Knight,59
G.I. Joe: The Rise of Cobra,60
X-Men: Days of Future Past,61
"The Chronicles of Narnia: The Lion, the Witch and the Wardrobe",62
Green Lantern,63
Prince of Persia: The Sands of Time,64
Pacific Rim,65
Terminator Genisys,66
The Curious Case of Benjamin Button,67
Star Trek Beyond,68
Wild Wild West,69
4: Rise of the Silver Surfer,70
The Good Dinosaur,71
Edge of Tomorrow,72
Monsters vs Aliens,73
I Am Legend,74
Guardians of the Galaxy,75
Inside Out,76
Wrath of the Titans,77
A Christmas Carol,78
The Chronicles of Narnia: The Voyage of the Dawn Treader,79
Terminator 3: Rise of the Machines,80
Brave,81
The Legend of Tarzan,82
Evan Almighty,83
The Hobbit: An Unexpected Journey,84
Gods of Egypt,85
Harry Potter and the Goblet of Fire,86
Mission: Impossible - Ghost Protocol,87
Iron Man,88
Kung Fu Panda 3,89
Dawn of the Planet of the Apes,90
Captain America: The Winter Soldier,91
Big Hero 6,92
Suicide Squad,93
The Matrix Revolutions,94
Charlie and the Chocolate Factory,95
Hugo,96
The Hunger Games: Mockingjay - Part 2,97
The Fast and the Furious,98
How to Train Your Dragon,99
The Jungle Book,100
Shrek Forever After,101
The Sorcerer's Apprentice,102
The Matrix Reloaded,103
Independence Day: Resurgence,104
Iron Man 2,105
Hancock,106
The Last Airbender,107
Waterworld,108
Interstellar,109
Inception,110
47 Ronin,111
Batman Begins,112
Madagascar: Escape 2 Africa,113
Snow White and the Huntsman,114
Star Trek,115
Tomorrowland,116
Ratatouille,117
Alice Through the Looking Glass,118
Rise of the Guardians,119
Mad Max: Fury Road,120
Shrek the Third,121
X-Men Origins: Wolverine,122
Madagascar 3: Europe's Most Wanted,123
The Polar Express,124
Transformers,125
Wreck-It Ralph,126
Ghostbusters,127
Pearl Harbor,128
Night at the Museum: Battle of the Smithsonian,129
Frozen,130
Mission: Impossible III,131
Penguins of Madagascar,132
Thor,133
Warcraft,134
Armageddon,135
The Revenant,136
Die Another Day,137
Maleficent,138
The Twilight Saga: Breaking Dawn - Part 2,139
The Martian,140
Dark Shadows,141
Prometheus,142
Kung Fu Panda,143
Thor: The Dark World,144
Star Wars: Episode III - Revenge of the Sith,145
White House Down,146
Men in Black II,147
Kung Fu Panda 2,148
How to Train Your Dragon 2,149
Angels & Demons,150
Bee Movie,151
Salt,152
Hulk,153
Stuart Little,154
The Emperor's New Groove,155
War of the Worlds,156
Turbo,157
Mission: Impossible - Rogue Nation,158
Bolt,159
Troy,160
The Hunger Games: Catching Fire,161
The Lord of the Rings: The Fellowship of the Ring,162
Rango,163
San Andreas,164
Exodus: Gods and Kings,165
Sherlock Holmes: A Game of Shadows,166
Watchmen,167
The Last Samurai,168
Spider-Man,169
Home,170
Jason Bourne,171
Captain America: The First Avenger,172
G.I. Joe: Retaliation,173
The Hunger Games: Mockingjay - Part 1,174
Pirates of the Caribbean: The Curse of the Black Pearl,175
Ocean's Twelve,176
After Earth,177
Night at the Museum: Secret of the Tomb,178
The BFG,179
Ant-Man,180
Megamind,181
The Adventures of Tintin,182
Total Recall,183
The Incredible Hulk,184
Noah,185
R.I.P.D.,186
Life of Pi,187
Bad Boys II,188
The Da Vinci Code,189
Harry Potter and the Prisoner of Azkaban,190
Ghost Rider,191
The Bourne Ultimatum,192
RoboCop,193
Elysium,194
Rio 2,195
The Huntsman: Winter's War,196
Clash of the Titans,197
Teenage Mutant Ninja Turtles,198
Hercules,199
The Wolverine,200
Night at the Museum,201
Minority Report,202
Fast Five,203
The Expendables 3,204
The Wolf of Wall Street,205
Mission: Impossible II,206
X2,207
The Day After Tomorrow,208
Mr. & Mrs. Smith,209
The Bourne Legacy,210
Real Steel,211
Harry Potter and the Philosopher's Stone,212
Batman & Robin,213
Teenage Mutant Ninja Turtles: Out of the Shadows,214
The Smurfs,215
Public Enemies,216
The Mummy Returns,217
The Princess and the Frog,218
Gone in Sixty Seconds,219
"Monsters, Inc.",220
Star Wars: Episode I - The Phantom Menace,221
The Chronicles of Riddick,222
Little Fockers,223
Allegiant,224
Gravity,225
The Patriot,226
Epic,227
Fantastic Four,228
Kingdom of Heaven,229
Rise of the Planet of the Apes,230
The Green Hornet,231
Ender's Game,232
True Lies,233
Oblivion,234
The Expendables 2,235
Gladiator,236
300: Rise of an Empire,237
Star Wars: Episode II - Attack of the Clones,238
Live Free or Die Hard,239
How the Grinch Stole Christmas,240
The Lovely Bones,241
The Aviator,242
Contact,243
Mulan,244
The Island,245
Harry Potter and the Chamber of Secrets,246
Planet of the Apes,247
The Croods,248
Ice Age: Continental Drift,249
Django Unchained,250
The Hunchback of Notre Dame,251
Transcendence,252
The Lord of the Rings: The Return of the King,253
National Treasure,254
Lara Croft: Tomb Raider,255
Blood Diamond,256
The Tourist,257
Casino Royale,258
Insurgent,259
In the Heart of the Sea,260
Starship Troopers,261
American Gangster,262
Eragon,263
A Good Day to Die Hard,264
"I, Robot",265
Finding Nemo,266
Happy Feet,267
Terminator 2: Judgment Day,268
The Incredibles,269
Knight and Day,270
Batman Forever,271
Lilo & Stitch,272
Charlie's Angels,273
Pixels,274
Jurassic Park III,275
Divergent,276
The Other Guys,277
Cinderella,278
Hellboy II: The Golden Army,279
Men in Black,280
The Departed,281
Percy Jackson & the Olympians: The Lightning Thief,282
Black Hawk Down,283
Ice Age: Dawn of the Dinosaurs,284
Tropic Thunder,285
Now You See Me 2,286
Percy Jackson: Sea of Monsters,287
Rush Hour 2,288
Die Hard: With a Vengeance,289
The Fifth Element,290
The Lord of the Rings: The Two Towers,291
You Don't Mess with the Zohan,292
Gangs of New York,293
Sherlock Holmes,294
Unstoppable,295
Cloudy with a Chance of Meatballs,296
Mars Attacks!,297
Toy Story 2,298
Lara Croft Tomb Raider: The Cradle of Life,299
A.I. Artificial Intelligence,300
Dredd,301
Valkyrie,302
Click,303
The Secret Life of Walter Mitty,304
Cloud Atlas,305
The Holiday,306
Get Smart,307
The Bourne Supremacy,308
Atlantis: The Lost Empire,309
Hotel Transylvania,310
Bicentennial Man,311
Fury,312
Enchanted,313
The Day the Earth Stood Still,314
The Expendables,315
Enemy of the State,316
Ocean's Thirteen,317
Meet Joe Black,318
Enemy at the Gates,319
Rio,320
The Girl with the Dragon Tattoo,321
Cast Away,322
Grown Ups 2,323
Robots,324
Jumper,325
Wanted,326
Ocean's Eleven,327
Over the Hedge,328
Madagascar,329
The Book of Eli,330
Hotel Transylvania 2,331
Zodiac,332
The Twilight Saga: Eclipse,333
Journey 2: The Mysterious Island,334
Face/Off,335
The Fast and the Furious: Tokyo Drift,336
Despicable Me,337
Just Go with It,338
Scott Pilgrim vs. the World,339
The Hangover Part II,340
Con Air,341
Space Jam,342
Braveheart,343
Bruce Almighty,344
The Hunger Games,345
Mirror Mirror,346
Independence Day,347
Pompeii,348
The Last Witch Hunter,349
Batman Returns,350
The League of Extraordinary Gentlemen,351
Now You See Me,352
Shutter Island,353
Mission: Impossible,354
RED,355
Road to Perdition,356
Safe House,357
Surrogates,358
Underworld: Awakening,359
The Lion King,360
Cars,361
X-Men,362
RED 2,363
A Beautiful Mind,364
Catch Me If You Can,365
Die Hard 2,366
Ice Age: The Meltdown,367
Grown Ups,368
Red Dragon,369
Eagle Eye,370
AVP: Alien vs. Predator,371
The Terminal,372
The Secret Life of Pets,373
The Man from U.N.C.L.E.,374
The Rock,375
Abraham Lincoln: Vampire Hunter,376
50 First Dates,377
The Angry Birds Movie,378
Despicable Me 2,379
Shrek 2,380
Shark Tale,381
2 Fast 2 Furious,382
The Lost World: Jurassic Park,383
Austin Powers in Goldmember,384
Hook,385
Sucker Punch,386
Vanilla Sky,387
The Hateful Eight,388
The Monuments Men,389
Minions,390
Olympus Has Fallen,391
Resident Evil: Retribution,392
Death Race,393
Dracula Untold,394
Stardust,395
Signs,396
The Simpsons Movie,397
Inglourious Basterds,398
War Horse,399
Unbroken,400
Battle: Los Angeles,401
Ted 2,402
Gone Girl,403
Lincoln,404
Need for Speed,405
Jurassic Park,406
Big Fish,407
Les Misérables,408
Due Date,409
The Mask of Zorro,410
Eyes Wide Shut,411
Escape Plan,412
Apollo 13,413
Unbreakable,414
The Matrix,415
GoldenEye,416
Fight Club,417
xXx,418
The Village,419
What Women Want,420
The Dictator,421
Step Brothers,422
Sin City: A Dame to Kill For,423
Blade: Trinity,424
Jack Reacher,425
Saving Private Ryan,426
Hitch,427
Maze Runner: The Scorch Trials,428
Ice Age,429
This Means War,430
The Bourne Identity,431
300,432
Alien: Resurrection,433
Focus,434
Everest,435
Superman,436
2 Guns,437
Meet the Fockers,438
Marley & Me,439
Antz,440
Contagion,441
Hellboy,442
London Has Fallen,443
Perfume: The Story of a Murderer,444
Man on Fire,445
The Truman Show,446
The Green Mile,447
The Lego Movie,448
Gangster Squad,449
Black Mass,450
The Italian Job,451
Jack Ryan: Shadow Recruit,452
Knowing,453
Shooter,454
Joy,455
Pocahontas,456
Mortdecai,457
Deadpool,458
The Devil's Advocate,459
Invictus,460
Coraline,461
Meet the Parents,462
Alvin and the Chipmunks,463
Forrest Gump,464
Ghost Rider: Spirit of Vengeance,465
American Sniper,466
Collateral,467
Resident Evil: Afterlife,468
The Equalizer,469
Casper,470
Law Abiding Citizen,471
Kill Bill: Vol. 1,472
Blade II,473
Captain Phillips,474
Super 8,475
The Internship,476
The Pursuit of Happyness,477
Date Night,478
The Mortal Instruments: City of Bones,479
Kill Bill: Vol. 2,480
Goosebumps,481
American Wedding,482
Alien³,483
The Godfather: Part III,484
Zero Dark Thirty,485
Changeling,486
Anastasia,487
Seven Pounds,488
Ted,489
Casino,490
Valentine's Day,491
Moulin Rouge!,492
Shrek,493
The Adjustment Bureau,494
Moneyball,495
Central Intelligence,496
22 Jump Street,497
Mamma Mia!,498
Into the Woods,499
Yes Man,500
Interview with the Vampire,501
Inside Man,502
I Am Number Four,503
Non-Stop,504
"Crazy, Stupid, Love.",505
The Twilight Saga: New Moon,506
V for Vendetta,507
American Reunion,508
Hansel & Gretel: Witch Hunters,509
The Game,510
Silent Hill,511
The Judge,512
Resident Evil: Apocalypse,513
The Shawshank Redemption,514
The Godfather,515
Pulp Fiction,516
The Empire Strikes Back,517
Schindler's List,518
Whiplash,519
千と千尋の神隠し,520
Star Wars,521
Se7en,522
The Godfather: Part II,523
The Silence of the Lambs,524
Back to the Future,525
The Imitation Game,526
Memento,527
GoodFellas,528
The Shining,529
American History X,530
One Flew Over the Cuckoo's Nest,531
The Grand Budapest Hotel,532
The Prestige,533
The Usual Suspects,534
Reservoir Dogs,535
Return of the Jedi,536
Psycho,537
Room,538
Alien,539
Dead Poets Society,540
Her,541
12 Angry Men,542
Scarface,543
12 Years a Slave,544
Eternal Sunshine of the Spotless Mind,545
ハウルの動く城,546
もののけ姫,547
Blade Runner,548
"Il buono, il brutto, il cattivo",549
American Beauty,550
Taxi Driver,551
Prisoners,552
2001: A Space Odyssey,553
Toy Story,554
Dallas Buyers Club,555
Good Will Hunting,556
The Theory of Everything,557
Le fabuleux destin d'Amélie Poulain,558
Cidade de Deus,559
Gran Torino,560
Apocalypse Now,561
Into the Wild,562
Requiem for a Dream,563
Raiders of the Lost Ark,564
The Big Lebowski,565
올드보이,566
The Pianist,567
Spotlight,568
Donnie Darko,569
Trainspotting,570
Ex Machina,571
Aliens,572
The Sixth Sense,573
The Notebook,574
No Country for Old Men,575
The Perks of Being a Wallflower,576
Snatch,577
The Fault in Our Stars,578
Nightcrawler,579
About Time,580
Indiana Jones and the Last Crusade,581
Million Dollar Baby,582
El laberinto del fauno,583
Dr. Strangelove or: How I Learned to Stop Worrying and Love the Bomb,584
The Help,585
Die Hard,586
Rush,587
Slumdog Millionaire,588
The King's Speech,589
There Will Be Blood,590
Edward Scissorhands,591
Once Upon a Time in America,592
Me Before You,593
Monty Python and the Holy Grail,594
C'era una volta il West,595
Casablanca,596
Birdman,597
The Thing,598
Stand by Me,599
Back to the Future Part II,600
Drive,601
Hachi: A Dog's Tale,602
Jaws,603
Aladdin,604
It's a Wonderful Life,605
Shaun of the Dead,606
The Conjuring,607
Black Swan,608
Moon,609
The Terminator,610
The Boy in the Striped Pyjamas,611
Rain Man,612
The Hangover,613
Moonrise Kingdom,614
The Exorcist,615
Boyhood,616
Pride & Prejudice,617
Straight Outta Compton,618
District 9,619
E.T. the Extra-Terrestrial,620
L.A. Confidential,621
Groundhog Day,622
Gattaca,623
Rocky,624
Warrior,625
The Princess Bride,626
Mulholland Drive,627
Hot Fuzz,628
Taken,629
The Iron Giant,630
Das Leben der Anderen,631
Amadeus,632
Mystic River,633
Little Miss Sunshine,634
The Untouchables,635
"Lock, Stock and Two Smoking Barrels",636
The Big Short,637
The Age of Adaline,638
Midnight in Paris,639
Annie Hall,640
Zombieland,641
Unforgiven,642
Brokeback Mountain,643
Pitch Perfect,644
Der Untergang,645
Kick-Ass,646
(500) Days of Summer,647
The Others,648
Predator,649
The Wizard of Oz,650
Southpaw,651
American Psycho,652
The Butterfly Effect,653
Sin City,654
Gone with the Wind,655
Bridge of Spies,656
Creed,657
Before Sunrise,658
Lone Survivor,659
Lost in Translation,660
The Book Thief,661
Sicario,662
Argo,663
Dances with Wolves,664
The Social Network,665
Platoon,666
Fantastic Mr. Fox,667
In Bruges,668
10 Things I Hate About You,669
The Maze Runner,670
Saw,671
Philadelphia,672
Training Day,673
Lucky Number Slevin,674
Back to the Future Part III,675
Blow,676
Still Alice,677
Indiana Jones and the Temple of Doom,678
The Royal Tenenbaums,679
Serenity,680
Source Code,681
The Blues Brothers,682
I Origins,683
Jackie Brown,684
Corpse Bride,685
The Hurt Locker,686
A Walk to Remember,687
Mary Poppins,688
Home Alone,689
Donnie Brasco,690
If I Stay,691
True Grit,692
Nerve,693
The Devil Wears Prada,694
The Blind Side,695
Grease,696
Begin Again,697
Office Space,698
Atonement,699
The Machinist,700
Halloween,701
Saving Mr. Banks,702
Apocalypto,703
First Blood,704
The Fighter,705
Silver Linings Playbook,706
The Intern,707
127 Hours,708
28 Days Later,709
"O Brother, Where Art Thou?",710
Match Point,711
Being John Malkovich,712
Fear and Loathing in Las Vegas,713
Juno,714
The Longest Ride,715
Serbuan maut,716
The Illusionist,717
The Artist,718
Superbad,719
Batman,720
Finding Neverland,721
The Fugitive,722
Brooklyn,723
The Wrestler,724
Lo imposible,725
A Nightmare on Elm Street,726
End of Watch,727
The Conjuring 2,728
Beetlejuice,729
Crash,730
Love Actually,731
The Butler,732
Close Encounters of the Third Kind,733
Pretty Woman,734
Mean Girls,735
Mrs. Doubtfire,736
Goldfinger,737
Scream,738
The Town,739
Snow White and the Seven Dwarfs,740
We're the Millers,741
Airplane!,742
Identity,743
Lord of War,744
Dracula,745
American Hustle,746
The Vow,747
Notting Hill,748
50/50,749
10 Cloverfield Lane,750
From Dusk Till Dawn,751
Gremlins,752
Sunshine,753
A Bug's Life,754
Equilibrium,755
21 Jump Street,756
Bridge to Terabithia,757
The Bucket List,758
Blue Jasmine,759
Mud,760
In Time,761
Pitch Perfect 2,762
Pinocchio,763
Ghost,764
The Neverending Story,765
Speed,766
One Day,767
Insidious,768
Snowpiercer,769
The Place Beyond the Pines,770
3:10 to Yuma,771
8 Mile,772
Steve Jobs,773
The Walk,774
Cube,775
Easy A,776
Babel,777
Looper,778
Bambi,779
Big,780
The DUFF,781
P.S. I Love You,782
The Proposal,783
Pitch Black,784
The World's End,785
Big Eyes,786
Top Gun,787
Chappie,788
Insomnia,789
Sinister,790
The Road,791
Anchorman: The Legend of Ron Burgundy,792
The Spectacular Now,793
Underworld,794
The Mask,795
Dawn of the Dead,796
The Descent,797
School of Rock,798
The Mist,799
Romeo + Juliet,800
Beverly Hills Cop,801
Orphan,802
The Purge: Anarchy,803
Chronicle,804
Seven Psychopaths,805
Up in the Air,806
It Follows,807
The Transporter,808
Phone Booth,809
Step Up,810
The Gift,811
Vicky Cristina Barcelona,812
Legend,813
The Hitchhiker's Guide to the Galaxy,814
Flight,815
Dear John,816
9,817
The Call,818
Horrible Bosses,819
The Cabin in the Woods,820
Love & Other Drugs,821
Friends with Benefits,822
Mad Max,823
Crank,824
Pineapple Express,825
Blade,826
Dumb and Dumber,827
Paul,828
Bad Boys,829
Blended,830
Disturbia,831
Bridesmaids,832
There's Something About Mary,833
Borat: Cultural Learnings of America for Make Benefit Glorious Nation of Kazakhstan,834
The Heat,835
Project X,836
21,837
Bridget Jones's Diary,838
1408,839
Panic Room,840
Unknown,841
Hanna,842
Burn After Reading,843
Insidious: Chapter 2,844
28 Weeks Later,845
Warm Bodies,846
Chicken Run,847
American Pie,848
Cloverfield,849
Money Monster,850
The Princess Diaries,851
Resident Evil,852
Austin Powers: International Man of Mystery,853
The Tree of Life,854
The Giver,855
Evil Dead,856
Ace Ventura: Pet Detective,857
Underworld: Evolution,858
The Grey,859
Liar Liar,860
Final Destination,861
Lucy,862
Side Effects,863
Let's Be Cops,864
Forgetting Sarah Marshall,865
Elf,866
Secret Window,867
The Ugly Truth,868
Home Alone 2: Lost in New York,869
This Is the End,870
Kick-Ass 2,871
The Witch,872
Bad Moms,873
Saw II,874
The Beach,875
13 Going on 30,876
Machete,877
Run All Night,878
Lights Out,879
Self/less,880
The Blair Witch Project,881
Oculus,882
The Mechanic,883
The Man in the Iron Mask,884
The Number 23,885
Neighbors,886
Riddick,887
The 40 Year Old Virgin,888
The Shallows,889
The Other Woman,890
Underworld: Rise of the Lycans,891
Knocked Up,892
Vacation,893
A Walk Among the Tombstones,894
Transporter 2,895
Austin Powers: The Spy Who Shagged Me,896
Insidious: Chapter 3,897
DodgeBall: A True Underdog Story,898
Drag Me to Hell,899
He's Just Not That Into You,900
Taken 2,901
The Interview,902
Taken 3,903
Paper Towns,904
Pain & Gain,905
Horrible Bosses 2,906
17 Again,907
Zoolander,908
No Strings Attached,909
The Purge: Election Year,910
Resident Evil: Extinction,911
The Woman in Black,912
Ace Ventura: When Nature Calls,913
Saw III,914
Magic Mike,915
That Awkward Moment,916
High School Musical,917
27 Dresses,918
Miss Congeniality,919
Johnny English Reborn,920
Under the Skin,921
Predators,922
American Pie 2,923
The Visit,924
Mama,925
The Host,926
The Purge,927
Hitman,928
Final Destination 2,929
Trainwreck,930
How to Be Single,931
Paranormal Activity,932
Don Jon,933
Final Destination 3,934
The Boy,935
Snitch,936
Journey to the Center of the Earth,937
Carrie,938
A Million Ways to Die in the West,939
The Last Stand,940
"Hail, Caesar!",941
Twilight,942
Dirty Grandpa,943
Parker,944
Abduction,945
Beautiful Creatures,946
Neighbors 2: Sorority Rising,947
Annabelle,948
Unfriended,949
Identity Thief,950
The 5th Wave,951
Sausage Party,952
Scary Movie 2,953
Dumb and Dumber To,954
Bad Teacher,955
Sex Tape,956
Ouija,957
Spring Breakers,958
Fifty Shades of Grey,959
The Boy Next Door,960
